Ticket_Target,Ticket_Subject,Ticket_Description
6,Display issue,"I'm having an issue with the {product_purchased}. Please assist. Please assist. - Support - Website - Contact Us

SCHN: 7097 - Website - Contact Us

PREDICTION

You I've already contacted customer support multiple times, but the issue remains unresolved."
14,Product setup,"I'm having an issue with the {product_purchased}. Please assist. I've performed a factory reset on my {product_purchased}, hoping it would resolve the problem, but it didn't help."
2,Battery life,"I'm having an issue with the {product_purchased}. Please assist.

1) If you want new (not already installed) software, you may need to use:

1.) Windows 7 Professional.

2.) This problem started occurring after the recent software update. I haven't made any other changes to the device."
6,Display issue,"I'm having an issue with the {product_purchased}. Please assist.

$919 – 1/5 of my $5.25

$919 – 2/$10 of the $5.25

$ I've already contacted customer support multiple times, but the issue remains unresolved."
11,Peripheral compatibility,"The {product_purchased} is unable to establish a stable internet connection. It keeps disconnecting intermittently. How can I troubleshoot this network problem?

How can I troubleshoot this network problem? What does it look I'm using the original charger that came with my {product_purchased}, but it's not charging properly."
14,Product setup,"I'm having an issue with the {product_purchased}. Please assist. Contact us if you can help us. Thank you! I rely heavily on my {product_purchased} for my daily tasks, and this issue is hindering my productivity."
15,Refund request,"I've recently set up my {product_purchased}, but it fails to connect to any available networks. What steps should I take to troubleshoot this issue?

If your network isn't running, you can try

if I've tried troubleshooting steps mentioned in the user manual, but the issue persists."
10,Payment issue,"I'm having an issue with the {product_purchased}. Please assist. I've checked for any available software updates for my {product_purchased}, but there are none."
7,Hardware issue,"I'm having an issue with the {product_purchased}. Please assist. For the $199 and $299 shipping, please click on ""Purchasing Items"" in the menu at the top right of this page. For the $99 I'm concerned about the security of my {product_purchased} and would like to ensure that my data is safe."
11,Peripheral compatibility,I'm having an issue with the {product_purchased}. Please assist. (I'm having an issue with the {product_purchased}. Please assist. (I'm having an issue with the product_purchased}. Please This problem started occurring after the recent software update. I haven't made any other changes to the device.
2,Battery life,"I'm having an issue with the {product_purchased}. Please assist. If you can't help, please call in a few hrs before purchasing.

 maritime ipsos.blogspot.com - 1,092 pages - November I've followed the troubleshooting steps mentioned in the user manual, but the issue persists."
6,Display issue,"I've accidentally deleted important data from my {product_purchased}. Is there any way to recover the deleted files? I need them urgently. Your Name should also be included in the account list.

I did not have any data or This problem started occurring after the recent software update. I haven't made any other changes to the device."
10,Payment issue,"I'm having an issue with the {product_purchased}. Please assist.

How can I get Help from G&H??

We look for help in many ways. We work diligently to answer customer question. We also follow This problem started occurring after the recent software update. I haven't made any other changes to the device."
6,Display issue,"I'm having an issue with the {product_purchased}. Please assist.

You were able to purchase the product at the store.

Please report any problems you can.

Sorry, there are no items for purchase. I've already contacted customer support multiple times, but the issue remains unresolved."
4,Data loss,"There seems to be a glitch in the {product_purchased} software. It freezes frequently, making it difficult to use. Can you please provide a solution?

It seemed that they tried to solve this in an earlier post [1 I need assistance as soon as possible because it's affecting my work and productivity."
8,Installation support,"My {product_purchased} is making strange noises and not functioning properly. I suspect there might be a hardware issue. Can you please help me with this?

As always, you can email me at support@laserprint. I need assistance as soon as possible because it's affecting my work and productivity."
15,Refund request,"I'm having an issue with the {product_purchased}. Please assist.


Sell for 30-35% (I also bought a 2.5mm and I'm getting stuck).


Buy for 80-100% ( The issue I'm facing is intermittent. Sometimes it works fine, but other times it acts up unexpectedly."
1,Account access,"I'm having an issue with the {product_purchased}. Please assist. You are using a different browser than the one I'm using. I've performed a factory reset on my {product_purchased}, hoping it would resolve the problem, but it didn't help."
10,Payment issue,"I'm having an issue with the {product_purchased}. Please assist. I don't think a product is in the same category as an {product_purchased}, as it wouldn't have been the issue in the case of the I've noticed that the issue occurs consistently when I use a specific feature or application on my {product_purchased}."
7,Hardware issue,"There seems to be a hardware problem with my {product_purchased}. The screen is flickering, and I'm unable to use it. What should I do? I'll try my best to fix it now.

I could get a I've reviewed the troubleshooting steps on the official support website, but they didn't resolve the problem."